,player,enemy
0,0.0,70.0
1,68.0,0.0
2,0.0,90.0
3,0.0,60.0
4,52.72000000000031,0.0
5,0.0,90.0
6,68.8000000000003,0.0
7,67.00000000000031,0.0
